Workbook

Sheet Summary
A1: Slack Tide source tracker
A2: Compiled 2026-10-25 from docs/SOURCES.md and a live probe of 104 sites. Yellow cells on the Sources sheet are yours to edit; the rest is what the probe found.
A4: By action | D4: By status
A5: Add now | B5: =COUNTIF(Sources!$K$2:$K$119,A5) | D5: In use | E5: =COUNTIF(Sources!$E$2:$E$119,D5)
A6: Enable | B6: =COUNTIF(Sources!$K$2:$K$119,A6) | D6: Check | E6: =COUNTIF(Sources!$E$2:$E$119,D6)
A7: Build connector | B7: =COUNTIF(Sources!$K$2:$K$119,A7) | D7: Disabled | E7: =COUNTIF(Sources!$E$2:$E$119,D7)
A8: Write selectors | B8: =COUNTIF(Sources!$K$2:$K$119,A8) | D8: Candidate | E8: =COUNTIF(Sources!$E$2:$E$119,D8)
A9: Email for feed address | B9: =COUNTIF(Sources!$K$2:$K$119,A9) | D9: Declined | E9: =COUNTIF(Sources!$E$2:$E$119,D9)
A10: Ask for export | B10: =COUNTIF(Sources!$K$2:$K$119,A10)
A11: Offer the form | B11: =COUNTIF(Sources!$K$2:$K$119,A11)
A12: Confirm domain | B12: =COUNTIF(Sources!$K$2:$K$119,A12) | D12: By wave
A13: Retry probe | B13: =COUNTIF(Sources!$K$2:$K$119,A13) | D13: Wave 1 | E13: =COUNTIF(Sources!$J$2:$J$119,"1")
A14: Keep as check | B14: =COUNTIF(Sources!$K$2:$K$119,A14) | D14: Wave 2 | E14: =COUNTIF(Sources!$J$2:$J$119,"2")
A15: Declined | B15: =COUNTIF(Sources!$K$2:$K$119,A15) | D15: Wave 3 | E15: =COUNTIF(Sources!$J$2:$J$119,"3")
A16: Done | B16: =COUNTIF(Sources!$K$2:$K$119,A16) | D16: Wave 4 | E16: =COUNTIF(Sources!$J$2:$J$119,"4")
A17: Total | B17: =SUM(B5:B16)
A20: By town, live on site
A21: Town | B21: Live | C21: Candidates
A22: New Bedford | B22: =COUNTIFS(Sources!$A$2:$A$119,A22,Sources!$Q$2:$Q$119,"Yes") | C22: =COUNTIFS(Sources!$A$2:$A$119,A22,Sources!$E$2:$E$119,"Candidate")
A23: Fall River | B23: =COUNTIFS(Sources!$A$2:$A$119,A23,Sources!$Q$2:$Q$119,"Yes") | C23: =COUNTIFS(Sources!$A$2:$A$119,A23,Sources!$E$2:$E$119,"Candidate")
A24: Dartmouth | B24: =COUNTIFS(Sources!$A$2:$A$119,A24,Sources!$Q$2:$Q$119,"Yes") | C24: =COUNTIFS(Sources!$A$2:$A$119,A24,Sources!$E$2:$E$119,"Candidate")
A25: Fairhaven | B25: =COUNTIFS(Sources!$A$2:$A$119,A25,Sources!$Q$2:$Q$119,"Yes") | C25: =COUNTIFS(Sources!$A$2:$A$119,A25,Sources!$E$2:$E$119,"Candidate")
A26: Acushnet | B26: =COUNTIFS(Sources!$A$2:$A$119,A26,Sources!$Q$2:$Q$119,"Yes") | C26: =COUNTIFS(Sources!$A$2:$A$119,A26,Sources!$E$2:$E$119,"Candidate")
A27: Westport | B27: =COUNTIFS(Sources!$A$2:$A$119,A27,Sources!$Q$2:$Q$119,"Yes") | C27: =COUNTIFS(Sources!$A$2:$A$119,A27,Sources!$E$2:$E$119,"Candidate")
A28: Somerset | B28: =COUNTIFS(Sources!$A$2:$A$119,A28,Sources!$Q$2:$Q$119,"Yes") | C28: =COUNTIFS(Sources!$A$2:$A$119,A28,Sources!$E$2:$E$119,"Candidate")
A29: Swansea | B29: =COUNTIFS(Sources!$A$2:$A$119,A29,Sources!$Q$2:$Q$119,"Yes") | C29: =COUNTIFS(Sources!$A$2:$A$119,A29,Sources!$E$2:$E$119,"Candidate")
A30: Freetown | B30: =COUNTIFS(Sources!$A$2:$A$119,A30,Sources!$Q$2:$Q$119,"Yes") | C30: =COUNTIFS(Sources!$A$2:$A$119,A30,Sources!$E$2:$E$119,"Candidate")
A31: Mattapoisett | B31: =COUNTIFS(Sources!$A$2:$A$119,A31,Sources!$Q$2:$Q$119,"Yes") | C31: =COUNTIFS(Sources!$A$2:$A$119,A31,Sources!$E$2:$E$119,"Candidate")
A32: Marion | B32: =COUNTIFS(Sources!$A$2:$A$119,A32,Sources!$Q$2:$Q$119,"Yes") | C32: =COUNTIFS(Sources!$A$2:$A$119,A32,Sources!$E$2:$E$119,"Candidate")
A33: Rochester | B33: =COUNTIFS(Sources!$A$2:$A$119,A33,Sources!$Q$2:$Q$119,"Yes") | C33: =COUNTIFS(Sources!$A$2:$A$119,A33,Sources!$E$2:$E$119,"Candidate")
... A37: Regional | B37: =COUNTIFS(Sources!$A$2:$A$119,A37,Sources!$Q$2:$Q$119,"Yes") | C37: =COUNTIFS(Sources!$A$2:$A$119,A37,Sources!$E$2:$E$119,"Candidate")
A40: Legend
A41: Status: In use (published), Check (read for the coverage report, never published), Disabled (registry entry switched off), Candidate, Declined.
A42: Route: the integration we would use; see docs/SOURCES.md section 1 for what each costs.
A43: Action: the next thing to do for this source. Pick from the list; set Done when it is live or finished.
A44: Wave: the outreach wave from docs/SOURCES.md section 5 (1 = feeds in hand, 2 = build and read, 3 = one-email asks, 4 = relationships).
A45: Contacted on, Response, Live on site: fill in as outreach happens. Live on site means a registry entry is enabled and publishing.

Sheet Sources
A1: Town | B1: Organisation | C1: Domain | D1: Kind | E1: Status | F1: Platform found | G1: Feeds found | H1: Route | I1: Priority | J1: Wave | K1: Action | L1: Owner | M1: Contact name | N1: Contact email | O1: Contacted on | P1: Response | Q1: Live on site | R1: Notes
A2: New Bedford | B2: The Zeiterion | C2: zeiterion.org | D2: venue | E2: In use | F2: Webflow | G2: {} | H2: HTML listing | I2: High | K2: Done | P2: Not contacted | Q2: Yes | R2: Webflow listing; added 25 Oct
A3: Westport | B3: Buzzards Bay Brewing | C3: buzzardsbrew.com | D3: venue | E3: In use | F3: WordPress, Tribe | G3: {"tribe": "yes"} | H3: Tribe REST | I3: Medium | K3: Done | P3: Not contacted | Q3: Yes | R3: PHP warnings before JSON; 500 on 25 Oct
A4: Somerset | B4: Town of Somerset | C4: townofsomerset.org | D4: town | E4: In use | F4: CivicPlus | G4: {"civicplus-ical": "cats 14, 23"} | H4: CivicPlus iCal | I4: High | K4: Done | P4: Not contacted | Q4: Yes | R4: Cats 14 and 23
A5: Dartmouth | B5: Dartmouth Natural Resources Trust | C5: dnrt.org | D5: nature | E5: In use | F5: WordPress, Tribe | G5: {"tribe": "yes", "tribe-ical": "yes"} | H5: Tribe REST | I5: High | K5: Done | P5: Not contacted | Q5: Yes
A6: Dartmouth | B6: Town of Dartmouth | C6: dartmouthma.gov | D6: town | E6: In use | F6: CivicPlus | G6: {"civicplus-ical": "cats 14, 24"} | H6: CivicPlus iCal | I6: High | K6: Done | P6: Not contacted | Q6: Yes | R6: Cats 14 and 24
A7: Tiverton | B7: Town of Tiverton | C7: tiverton.ri.gov | D7: town | E7: In use | F7: CivicPlus | G7: {"civicplus-ical": "cats 14, 24"} | H7: CivicPlus iCal | I7: High | K7: Done | P7: Not contacted | Q7: Yes | R7: Cats 14 and 24; venues missing on most rows (issue 10)
A8: Little Compton | B8: Brownell Library | C8: brownell-libraryri.org | D8: library | E8: In use | F8: WordPress, Tribe | G8: {"tribe": "yes"} | H8: Tribe REST | I8: High | K8: Done | P8: Not contacted | Q8: Yes | R8: Feed sends no venue; registry default fills it
A9: Fall River | B9: Viva Fall River | C9: vivafallriver.com | D9: aggregator | E9: Check | F9: Site Kit by Google 1.188.0 wordpress, tribe-plugin, squarespace, ics-link | G9: {"tribe": 1925, "rss": 10} | H9: Check source | I9: High | K9: Keep as check | P9: Not contacted | Q9: No | R9: Aggregator; check role since 25 Oct (decision 10)
A10: Regional | B10: Explore New Bedford | C10: explorenewbedford.org | D10: aggregator | E10: Check | F10: WordPress 7.1.3 wordpress, tribe-plugin, mailchimp, ics-link | G10: {"tribe": 923, "tribe-ical": 30, "rss": 10} | H10: Check source | I10: High | K10: Keep as check | P10: Not contacted | Q10: No | R10: Aggregator; 923 future events
A11: New Bedford | B11: New Bedford Light | C11: newbedfordlight.org | D11: media | E11: Disabled | F11: (home 429) | G11: {"rss": 10} | H11: None | I11: Low | K11: Declined | P11: Not contacted | Q11: No | R11: Articles, not events; later extraction (issue 14)
A12: Mattapoisett | B12: Mattapoisett Land Trust | C12: mattlandtrust.org | D12: nature | E12: Disabled | F12: WordPress 6.8.11 wordpress, mailchimp, ics-link | G12: {"tribe": 2, "rss": 0} | H12: Tribe REST | I12: High | J12: 1 | K12: Enable | P12: Not contacted | Q12: No | R12: Probe confirmed 2 events
A13: Little Compton | B13: Little Compton Historical Society | C13: littlecompton.org | D13: history | E13: Disabled | F13: wordpress, tribe-plugin, mailchimp, ics-link, json-ld-event | G13: {} | H13: Tribe REST | I13: High | J13: 1 | K13: Enable | P13: Not contacted | Q13: No | R13: Probe rate-limited (429); test by hand
A14: Regional | B14: Buzzards Bay Coalition | C14: savebuzzardsbay.org | D14: nature | E14: Disabled | F14: SEOmatic craft | G14: {} | H14: Ticketing (ask) | I14: High | J14: 3 | K14: Ask for export | P14: Not contacted | Q14: No | R14: Bay Adventures dates in FareHarbor (issue 19)
A15: any | B15: Submissions (the /add/ form) | D15: form | E15: Disabled | F15: Google Form and Sheet | G15: {} | H15: Submission form | I15: High | J15: 1 | K15: Build connector | P15: Not contacted | Q15: No | R15: Configure the Google Form and sheet (issue 18)
A16: Fall River | B16: Canned Heat Craft Beer Co | C16: cannedheatbeer.com | D16: venue | E16: Candidate | F16: (home SSLError) | G16: {} | H16: Submission form | I16: High | J16: 4 | K16: Confirm domain | P16: Not contacted | Q16: No | R16: 9 series missed; certificate error on probe
A17: Fall River | B17: Children's Museum of Greater Fall River | C17: cmgfr.org | D17: museum | E17: Candidate | F17: squarespace | G17: {"squarespace-rss": 28} | H17: Squarespace JSON | I17: High | J17: 1 | K17: Build connector | P17: Not contacted | Q17: No | R17: /events?format=json answers with 8 dated items
A18: Fall River | B18: Fall River Public Library | C18: fallriverlibrary.org | D18: library | E18: Candidate | F18: WordPress 7.1.3 wordpress, whofi | G18: {"rss": 0} | H18: WhoFi | I18: High | J18: 2 | K18: Build connector | P18: Not contacted | Q18: No | R18: fallriver-ma.whofi.com; 14 series missed
A19: Fall River | B19: Narrows Center for the Arts | C19: narrowscenter.org | D19: venue | E19: Candidate | F19: wordpress | G19: {"rss": 10} | H19: HTML listing | I19: High | J19: 2 | K19: Write selectors | P19: Not contacted | Q19: No | R19: 19 series missed; tickets on ShoWare
A20: Fall River | B20: Battleship Cove | C20: battleshipcove.org | D20: museum | E20: Candidate | F20: Wix.com Website Builder wix | G20: {} | H20: Wix (ask) | I20: Medium | J20: 4 | K20: Email for feed address | P20: Not contacted | Q20: No | R20: Wix events viewer; 11 titles in page
A21: Fall River | B21: City of Fall River | C21: fallriverma.org | D21: town | E21: Candidate | F21: (home 403) | G21: {} | H21: CivicPlus iCal | I21: Medium | J21: 3 | K21: Email for feed address | P21: Not contacted | Q21: No | R21: Blocks the probe (403); confirm platform in a browser
A22: Fall River | B22: Fall River Historical Society | C22: fallriverhistorical.org | D22: history | E22: Candidate | F22: WordPress 7.1.3 wordpress | G22: {"rss": 0} | H22: HTML listing | I22: Medium | J22: 2 | K22: Write selectors | P22: Not contacted | Q22: No | R22: WordPress /events/
A23: Fall River | B23: Greater Fall River Re-CREATION | C23: re-creation.org | D23: recreation | E23: Candidate | G23: {} | H23: Submission form | I23: Medium | J23: 4 | K23: Offer the form | P23: Not contacted | Q23: No | R23: No platform detected
A24: Fall River | B24: SoCo Art Labs | C24: socoartlabs.com | D24: arts | E24: Candidate | F24: WordPress 7.1.3 wordpress, tribe-plugin, eventbrite, ics-link | G24: {"tribe": 0, "rss": 0} | H24: Eventbrite | I24: Medium | J24: 3 | K24: Email for feed address | P24: Not contacted | Q24: No | R24: Tribe installed but empty; uses Eventbrite
A25: Fall River | B25: Bristol Community College | C25: bristolcc.edu | D25: college | E25: Candidate | G25: {} | H25: HTML listing | I25: Low | J25: 2 | K25: Write selectors | P25: Not contacted | Q25: No | R25: Static upcoming events page
A26: Fall River | B26: Fall River Little Theatre | C26: fallriverlittletheatre.org | D26: theatre | E26: Candidate | F26: (home ConnectionError) | G26: {} | H26: None | I26: Low | J26: 4 | K26: Confirm domain | P26: Not contacted | Q26: No | R26: Unreachable
A27: Fall River | B27: Fall River Reporter | C27: fallriverreporter.com | D27: media | E27: Candidate | F27: WordPress 7.1.3 wordpress | G27: {"rss": 10} | H27: None | I27: Low | K27: Declined | P27: Not contacted | Q27: No | R27: Articles (RSS); later extraction
A28: Fall River | B28: Lafayette-Durfee House | C28: lafayettedurfeehouse.org | D28: history | E28: Candidate | F28: (home SSLError) | G28: {} | H28: None | I28: Low | J28: 4 | K28: Confirm domain | P28: Not contacted | Q28: No | R28: Certificate error
A29: Fall River | B29: Lizzie Borden House | C29: lizzie-borden.com | D29: attraction | E29: Candidate | F29: (home 403) | G29: {} | H29: None | I29: Low | J29: 4 | K29: Email for feed address | P29: Not contacted | Q29: No | R29: Blocks the probe (403)
A30: Fall River | B30: Marine Museum at Fall River | C30: marinemuseumfr.org | D30: museum | E30: Candidate | F30: (home SSLError) | G30: {} | H30: None | I30: Low | J30: 4 | K30: Confirm domain | P30: Not contacted | Q30: No | R30: Certificate error
A31: Fall River | B31: The Tipsy Toboggan | C31: thetipsytoboggan.com | D31: venue | E31: Candidate | F31: Wix.com Website Builder wix | G31: {} | H31: Submission form | I31: Low | J31: 4 | K31: Offer the form | P31: Not contacted | Q31: No | R31: Wix
A32: New Bedford | B32: Hatch Street Studios | C32: hatchstreetstudios.com | D32: arts | E32: Candidate | F32: squarespace | G32: {"squarespace-rss": 25} | H32: Squarespace JSON | I32: High | J32: 1 | K32: Build connector | P32: Not contacted | Q32: No | R32: /events?format=json answers with 5 dated items
A33: New Bedford | B33: New Bedford Art Museum | C33: newbedfordart.org | D33: museum | E33: Candidate | F33: WordPress 7.0.7 wordpress | G33: {"rss": 0} | H33: HTML listing | I33: High | J33: 2 | K33: Write selectors | P33: Not contacted | Q33: No | R33: /events/ with 17 headings; 8 missed
A34: New Bedford | B34: New Bedford Free Public Library | C34: nbfpl.org | D34: library | E34: Candidate | F34: Joomla! - Open Source Content Management google-calendar | G34: {} | H34: Plain iCal | I34: High | J34: 3 | K34: Email for feed address | P34: Not contacted | Q34: No | R34: Joomla with a Google Calendar embed; need calendar id
A35: New Bedford | B35: New Bedford Whaling Museum | C35: whalingmuseum.org | D35: museum | E35: Candidate | F35: WP Rocket 3.23.5.1 wordpress | G35: {"rss": 10} | H35: HTML listing | I35: High | J35: 2 | K35: Write selectors | P35: Not contacted | Q35: No | R35: program post type at /wp-json/wp/v2/program, no date field; 11 missed
A36: New Bedford | B36: AHA! New Bedford | C36: ahanewbedford.org | D36: arts | E36: Candidate | F36: All in One SEO (AIOSEO) 5.0.4 wordpress, tribe-plugin, ics-link | G36: {"tribe": 0, "rss": 10} | H36: Tribe REST | I36: Medium | J36: 3 | K36: Email for feed address | P36: Not contacted | Q36: No | R36: Plugin installed, three 2022 test events; ask them to use it
A37: New Bedford | B37: Buttonwood Park Zoo | C37: bpzoo.org | D37: attraction | E37: Candidate | F37: WordPress 7.1.3 wordpress | G37: {"rss": 10} | H37: HTML listing | I37: Medium | J37: 2 | K37: Retry probe | P37: Not contacted | Q37: No | R37: Find the events page
A38: New Bedford | B38: Co-Creative Center | C38: cocreativecenter.org | D38: arts | E38: Candidate | F38: (home ConnectionError) | G38: {} | H38: None | I38: Medium | J38: 4 | K38: Confirm domain | P38: Not contacted | Q38: No | R38: Unreachable
A39: New Bedford | B39: Gallery X | C39: galleryx.org | D39: arts | E39: Candidate | F39: WordPress 7.1.3 wordpress, mailchimp | G39: {"rss": 10} | H39: HTML listing | I39: Medium | J39: 2 | K39: Write selectors | P39: Not contacted | Q39: No | R39: EventPrime, 32 event links
... A44: New Bedford | B44: The Vault Performing Arts Center | C44: thevaultnb.com | D44: venue | E44: Candidate | F44: (home ConnectionError) | G44: {} | H44: None | I44: Medium | J44: 4 | K44: Confirm domain | P44: Not contacted | Q44: No | R44: Unreachable; open mic venue in the check
A45: New Bedford | B45: UMass Dartmouth | C45: umassd.edu | D45: college | E45: Candidate | G45: {} | H45: Plain iCal | I45: Medium | J45: 3 | K45: Email for feed address | P45: Not contacted | Q45: No | R45: Calendar looks like Localist
A46: New Bedford | B46: Community Boating Center | C46: communityboating.org | D46: recreation | E46: Candidate | F46: WordPress 7.1.3 wordpress, fareharbor | G46: {"rss": 10} | H46: Ticketing (ask) | I46: Low | J46: 4 | K46: Ask for export | P46: Not contacted | Q46: No | R46: FareHarbor
A47: New Bedford | B47: Downtown New Bedford Inc | C47: downtownnb.org | D47: aggregator | E47: Candidate | F47: Total WordPress Theme v5.4.4 wordpress | G47: {"rss": 10} | H47: None | I47: Low | K47: Retry probe | P47: Not contacted | Q47: No | R47: No event pages found
A48: New Bedford | B48: Feast of the Blessed Sacrament | C48: feastoftheblessedsacrament.com | D48: festival | E48: Candidate | F48: EventON 4.6.8 wordpress | G48: {"rss": 7} | H48: Submission form | I48: Low | J48: 4 | K48: Offer the form | P48: Not contacted | Q48: No | R48: EventON; one weekend a year
A49: New Bedford | B49: Groundwork Southcoast | C49: groundworksouthcoast.org | D49: civic | E49: Candidate | F49: All in One SEO (AIOSEO) 5.0.1.1 wordpress, mailchimp | G49: {"rss": 5} | H49: HTML listing | I49: Low | J49: 2 | K49: Write selectors | P49: Not contacted | Q49: No | R49: /events/
A50: New Bedford | B50: Kilburn Mill | C50: kilburnmill.com | D50: venue | E50: Candidate | F50: Site Kit by Google 1.187.0 wordpress | G50: {"rss": 10} | H50: HTML listing | I50: Low | J50: 2 | K50: Write selectors | P50: Not contacted | Q50: No | R50: Events category posts
A51: New Bedford | B51: Moby Dick Brewing | C51: mobydickbrewing.com | D51: venue | E51: Candidate | F51: WordPress 7.1.3 wordpress | G51: {"rss": 10} | H51: HTML listing | I51: Low | J51: 2 | K51: Write selectors | P51: Not contacted | Q51: No | R51: /view-events/
A52: New Bedford | B52: New Bedford Festival Theatre | C52: nbfestivaltheatre.com | D52: theatre | E52: Candidate | F52: Lume v3.0.11 | G52: {} | H52: None | I52: Low | J52: 4 | K52: Email for feed address | P52: Not contacted | Q52: No | R52: Static site
A53: New Bedford | B53: New Bedford Guide | C53: newbedfordguide.com | D53: media | E53: Candidate | F53: WordPress 7.1.3 wordpress | G53: {"rss": 10} | H53: Check source | I53: Low | K53: Retry probe | P53: Not contacted | Q53: No | R53: Media site with an events category
A54: New Bedford | B54: New Bedford Symphony Orchestra | C54: nbsymphony.org | D54: music | E54: Candidate | F54: WordPress 7.1.3 wordpress, salesforce-tickets, mailchimp | G54: {"rss": 10} | H54: None | I54: Low | K54: Done | P54: Not contacted | Q54: No | R54: Concerts arrive through the Zeiterion listing
A55: New Bedford | B55: New Bedford Whaling National Historical Park | C55: nps.gov | D55: park | E55: Candidate | G55: {} | H55: Event plugin API | I55: Low | J55: 3 | K55: Build connector | P55: Not contacted | Q55: No | R55: NPS API with a free key
A56: New Bedford | B56: Seamen's Bethel | C56: seamensbethel.org | D56: history | E56: Candidate | F56: WordPress 7.1.3 wordpress | G56: {"rss": 0} | H56: None | I56: Low | J56: 4 | K56: Email for feed address | P56: Not contacted | Q56: No
A57: New Bedford | B57: WHALE (Waterfront Historic Area League) | C57: waterfrontleague.org | D57: civic | E57: Candidate | F57: WordPress 7.1.3 wordpress | G57: {"rss": 10} | H57: Ticketing (ask) | I57: Low | J57: 4 | K57: Ask for export | P57: Not contacted | Q57: No | R57: NeonCRM portal
A58: New Bedford | B58: Your Theatre | C58: yourtheatre.org | D58: theatre | E58: Candidate | F58: WordPress 7.1.3 wordpress | G58: {"rss": 10} | H58: HTML listing | I58: Low | J58: 2 | K58: Retry probe | P58: Not contacted | Q58: No | R58: Find the season page
A59: Westport | B59: Westport Free Public Library | C59: westportlibrary.org | D59: library | E59: Candidate | F59: (home 403) | G59: {"tribe": 1141, "rss": 10} | H59: Tribe REST | I59: High | J59: 1 | K59: Add now | P59: Not contacted | Q59: No | R59: Tribe answers with 1,141 events though the home page is 403
A60: Westport | B60: Town of Westport | C60: westport-ma.com | D60: town | E60: Candidate | F60: (home 403) | G60: {} | H60: CivicPlus iCal | I60: Medium | J60: 3 | K60: Email for feed address | P60: Not contacted | Q60: No | R60: Blocks the probe (403)
A61: Westport | B61: Westport Historical Society | C61: wpthistory.org | D61: history | E61: Candidate | F61: WordPress 7.0.7 wordpress | G61: {"rss": 9} | H61: HTML listing | I61: Medium | J61: 2 | K61: Write selectors | P61: Not contacted | Q61: No | R61: WordPress /events/ pages
A62: Westport | B62: Westport Land Conservation Trust | C62: westportlandtrust.org | D62: nature | E62: Candidate | F62: wordpress | G62: {"rss": 12} | H62: HTML listing | I62: Medium | J62: 3 | K62: Email for feed address | P62: Not contacted | Q62: No | R62: Programmes page has no readable headings
A63: Westport | B63: Westport Fair | C63: westportfair.com | D63: festival | E63: Candidate | F63: (home SSLError) | G63: {} | H63: Submission form | I63: Low | J63: 4 | K63: Confirm domain | P63: Not contacted | Q63: No | R63: Certificate error; once a year
A64: Westport | B64: Westport Rivers Vineyard | C64: westportrivers.com | D64: venue | E64: Candidate | F64: squarespace | G64: {} | H64: Squarespace JSON | I64: Low | J64: 3 | K64: Email for feed address | P64: Not contacted | Q64: No | R64: No dated items in the JSON
A65: Marion | B65: Elizabeth Taber Library | C65: elizabethtaberlibrary.org | D65: library | E65: Candidate | F65: WordPress 7.1.3 wordpress, tribe-plugin, libcal, ics-link, json-ld-event | G65: {"tribe": 185, "tribe-ical": 11, "rss": 1} | H65: Tribe REST | I65: High | J65: 1 | K65: Add now | P65: Not contacted | Q65: No | R65: 185 events; venue empty, set registry default
A66: Marion | B66: Town of Marion | C66: marionma.gov | D66: town | E66: Candidate | F66: civicplus | G66: {"civicplus-ical": 46} | H66: CivicPlus iCal | I66: High | J66: 1 | K66: Add now | P66: Not contacted | Q66: No | R66: 46 events on cat 14; discover other cats
A67: Marion | B67: Marion Art Center | C67: marionartcenter.org | D67: arts | E67: Candidate | F67: Event Espresso Version 5.0.60 wordpress | G67: {"rss": 0} | H67: Event plugin API | I67: Medium | J67: 2 | K67: Write selectors | P67: Not contacted | Q67: No | R67: Event Espresso; REST likely
A68: Marion | B68: Marion Natural History Museum | C68: marionmuseum.org | D68: museum | E68: Candidate | F68: wordpress, tribe-plugin, ics-link | G68: {} | H68: Tribe REST | I68: Medium | J68: 3 | K68: Email for feed address | P68: Not contacted | Q68: No | R68: Tribe present, REST answers 403; try ?ical=1
... A93: Dartmouth | B93: Lloyd Center for the Environment | C93: lloydcenter.org | D93: nature | E93: Candidate | F93: WordPress 7.1.3 wordpress, mailchimp | G93: {"rss": 10} | H93: HTML listing | I93: High | J93: 2 | K93: Write selectors | P93: Not contacted | Q93: No | R93: Calendar with 8 event pages
A94: Dartmouth | B94: Mass Audubon (Allens Pond) | C94: massaudubon.org | D94: nature | E94: Candidate | G94: {} | H94: Ticketing (ask) | I94: Medium | J94: 4 | K94: Ask for export | P94: Not contacted | Q94: No | R94: Own programme system
A95: Dartmouth | B95: Round the Bend Farm | C95: roundthebendfarm.org | D95: farm | E95: Candidate | F95: WordPress 7.0.7 wordpress | G95: {"rss": 10} | H95: HTML listing | I95: Medium | J95: 2 | K95: Write selectors | P95: Not contacted | Q95: No | R95: WordPress /events/
A96: Dartmouth | B96: The Trustees of Reservations | C96: thetrustees.org | D96: nature | E96: Candidate | F96: wordpress | G96: {"rss": 10} | H96: HTML listing | I96: Medium | J96: 2 | K96: Write selectors | P96: Not contacted | Q96: No | R96: Filter to South Coast properties
A97: Dartmouth | B97: Dartmouth Cultural Center | C97: dartmouthculturalcenter.org | D97: arts | E97: Candidate | F97: (home ConnectionError) | G97: {} | H97: None | I97: Low | J97: 4 | K97: Confirm domain | P97: Not contacted | Q97: No | R97: Domain did not resolve
A98: Tiverton | B98: Tiverton Public Library | C98: tivertonlibrary.org | D98: library | E98: Candidate | F98: wordpress, libcal | G98: {"rss": 10} | H98: LibCal | I98: High | J98: 3 | K98: Email for feed address | P98: Not contacted | Q98: No | R98: tivertonlibrary.libcal.com; need calendar id
A99: Tiverton | B99: Four Corners Arts Center | C99: fourcornersarts.org | D99: arts | E99: Candidate | F99: squarespace | G99: {"squarespace-rss": 9} | H99: Squarespace JSON | I99: Medium | J99: 3 | K99: Email for feed address | P99: Not contacted | Q99: No | R99: Concerts page is not an events collection
A100: Tiverton | B100: Sakonnet Preservation Association | C100: sakonnetpreservation.org | D100: nature | E100: Candidate | F100: Elementor 4.3.5; features: additional_custom_breakpoints; se wordpress, eventbrite | G100: {"rss": 10} | H100: Eventbrite | I100: Medium | J100: 2 | K100: Build connector | P100: Not contacted | Q100: No | R100: Programmes on Eventbrite
A101: Tiverton | B101: Sandywoods Center for the Arts | C101: sandywoodsmusic.com | D101: venue | E101: Candidate | F101: (home ConnectionError) | G101: {} | H101: None | I101: Medium | J101: 4 | K101: Confirm domain | P101: Not contacted | Q101: No | R101: Domain did not resolve; music venue
A102: Tiverton | B102: Tiverton Historical Society | C102: tivertonhistorical.org | D102: history | E102: Candidate | F102: (home SSLError) | G102: {} | H102: None | I102: Low | J102: 4 | K102: Confirm domain | P102: Not contacted | Q102: No | R102: Certificate error
A103: Tiverton | B103: Tiverton Land Trust | C103: tivertonlandtrust.org | D103: nature | E103: Candidate | F103: squarespace, mailchimp | G103: {} | H103: Squarespace JSON | I103: Low | J103: 3 | K103: Email for feed address | P103: Not contacted | Q103: No | R103: No dated items in the JSON
A104: Little Compton | B104: Sakonnet Vineyard | C104: sakonnetwine.com | D104: venue | E104: Candidate | F104: squarespace | G104: {"squarespace-rss": 32} | H104: Squarespace JSON | I104: High | J104: 1 | K104: Build connector | P104: Not contacted | Q104: No | R104: 12 dated items: live music, trivia
A105: Little Compton | B105: Little Compton Community Center | C105: littlecomptoncommunitycenter.org | D105: civic | E105: Candidate | F105: (home ConnectionError) | G105: {} | H105: None | I105: Medium | J105: 4 | K105: Confirm domain | P105: Not contacted | Q105: No | R105: Domain did not resolve
A106: Little Compton | B106: Sakonnet Times (East Bay Media) | C106: eastbayri.com | D106: media | E106: Candidate | F106: webflow | G106: {} | H106: Check source | I106: Low | K106: Retry probe | P106: Not contacted | Q106: No | R106: Webflow calendar; check candidate for the Sakonnet
A107: Little Compton | B107: Town of Little Compton | C107: littlecomptonri.org | D107: town | E107: Candidate | F107: (home 403) | G107: {} | H107: None | I107: Low | J107: 3 | K107: Email for feed address | P107: Not contacted | Q107: No | R107: Blocks the probe
A108: Regional | B108: South Coast Media Group (Dartmouth Week etc) | C108: theweektoday.com | D108: media | E108: Candidate | F108: Drupal 9 (http://drupal.org) | G108: {} | H108: Check source | I108: Medium | K108: Retry probe | P108: Not contacted | Q108: No | R108: Drupal calendar; check candidate
A109: Regional | B109: One SouthCoast Chamber | C109: onesouthcoast.com | D109: chamber | E109: Candidate | F109: wordpress | G109: {"rss": 0} | H109: Plain iCal | I109: Low | J109: 3 | K109: Email for feed address | P109: Not contacted | Q109: No | R109: GrowthZone likely; has iCal
A110: Regional | B110: SouthCoast Artists | C110: southcoastartists.org | D110: arts | E110: Candidate | F110: squarespace | G110: {} | H110: Submission form | I110: Low | J110: 4 | K110: Offer the form | P110: Not contacted | Q110: No | R110: Open studio tour
A111: New Bedford | B111: City of New Bedford | C111: newbedford-ma.gov | D111: town | E111: Declined | F111: Bot challenge | G111: {} | H111: None | I111: Medium | J111: 4 | K111: Declined | P111: Not contacted | Q111: No | R111: Bot-detection challenge; needs a human relationship
A112: New Bedford | B112: Cisco Kitchen & Bar | C112: ciscokitchenbar.com | D112: venue | E112: Declined | F112: bentobox | G112: {} | H112: Submission form | I112: Low | J112: 4 | K112: Offer the form | P112: Not contacted | Q112: No | R112: Prose specials, no dates; music page 404
A113: New Bedford | B113: Destination New Bedford (city tourism) | C113: destinationnewbedford.org | D113: aggregator | E113: Declined | G113: {} | H113: None | I113: Low | K113: Declined | P113: Not contacted | Q113: No | R113: Renders nothing without JavaScript; Explore NB covers it
A114: Regional | B114: SouthCoast Today (Gannett) | C114: southcoasttoday.com | D114: media | E114: Declined | F114: (home 402) | G114: {} | H114: None | I114: Low | K114: Declined | P114: Not contacted | Q114: No | R114: Gannett; paywall code 402; RSS off since 2023
A115: any | B115: Bandsintown | C115: bandsintown.com | D115: aggregator | E115: Declined | G115: {} | H115: None | I115: Low | K115: Declined | P115: Not contacted | Q115: No | R115: No open API; aggregation prohibited
A116: any | B116: Brave Search, Exa | D116: search | E116: Declined | G116: {} | H116: None | I116: Low | K116: Declined | P116: Not contacted | Q116: No | R116: Terms prohibit storing results
A117: any | B117: Diffbot, Firecrawl | D117: scraping service | E117: Declined | G117: {} | H117: None | I117: Low | K117: Declined | P117: Not contacted | Q117: No | R117: Decision 9: no paid scraping
A118: any | B118: Facebook, Instagram, Meetup, Nextdoor | D118: social | E118: Declined | G118: {} | H118: None | I118: Low | K118: Declined | P118: Not contacted | Q118: No | R118: Terms forbid automated collection; not a source of record
A119: any | B119: Google Custom Search JSON API | D119: search | E119: Declined | G119: {} | H119: None | I119: Low | K119: Declined | P119: Not contacted | Q119: No | R119: Closed to new customers

Sheet Lists
A1: Status | B1: Route | C1: Priority | D1: Wave | E1: Action | F1: Response | G1: Live on site
A2: In use | B2: Tribe REST | C2: High | D2: 1 | E2: Add now | F2: Not contacted | G2: Yes
A3: Check | B3: CivicPlus iCal | C3: Medium | D3: 2 | E3: Enable | F3: No reply | G3: No
A4: Disabled | B4: Plain iCal | C4: Low | D4: 3 | E4: Build connector | F4: Replied
A5: Candidate | B5: Squarespace JSON | D5: 4 | E5: Write selectors | F5: Feed received
A6: Declined | B6: HTML listing | E6: Email for feed address | F6: Declined
B7: WhoFi | E7: Ask for export
B8: LibCal | E8: Offer the form
B9: Event plugin API | E9: Confirm domain
B10: Eventbrite | E10: Retry probe
B11: Wix (ask) | E11: Keep as check
B12: Ticketing (ask) | E12: Declined
B13: Submission form | E13: Done
B14: Check source
B15: None
